"project_name","project_manager","stage","substage","transaction_type","technology","region","country","latitude","longitude","capacity_ac_mw","capacity_dc_mw","bess_design_mwh","bess_guaranteed_mwh","offtake_type","offtake_term_years","tariff_per_kwh","epc_contractor","project_life_years","shareholders","funding_plan","approved_budget","approved_budget_note","project_value_usdm","parse_error","ingested_at","capacity_ac_mw_num","capacity_dc_mw_num","bess_design_mwh_num","bess_guaranteed_mwh_num","offtake_term_years_num","tariff_per_kwh_num","project_life_years_num","approved_budget_num","project_value_usdm_num"
"1,000 MW Wind, Mingbulak Project","Nurzod Khayrullaev","Development","Early Advanced Pipeline","Greenfield","Wind","CIS","Uzbekistan","42.2567179","62.8626884","1000","Only Numbers No Unit","Only Numbers No Unit","Only Numbers No Unit","Govt. Off-taker – JSC Uzenergostish (UES)","25","","","","Masdar 100%,","Debt 75-80%, Equity 20-25%","","Note on the approved budget ( What type or which stage or any other remarks)","500 (Only Number No Unit)","","2026-09-21T19:54:08.016Z","1000.0","","","","25.0","","","","500.0"
"1100 MW Al Dibdibah Power and Al Shagaya Renewable Energy – Phase III – Zone 1 Solar PV IPP","Manish Choudhary","Bid","Early-Stage Pipeline","Bid","Solar PV","MENA","Kuwait","29.187831","46.996084","1100","1396","-","-","Govt. Off-taker – MEWRE","30","Under evaluation (Confidential)","Jakson & Al Ghanim","","Masdar 30% (KAPP 60%, Al Ghanim 10%)","Debt 80%, Equity 20% /","","Development Budget for Bid and up to FC Pre-bid USD 1.5m / USD 7 Mn post bid till FC","Under evaluation (Confidential)","","2026-09-21T19:54:08.016Z","1100.0","1396.0","","","30.0","","","",""
"1400 MW Najran (NJN)","Abhinav Singh, Mithlesh Jha","Financing","Secured- Committed","Bid","Solar PV","MENA","Kingdom of Saudi Arabia","","","1400 MWAC","1613 MWDC","N/A","N/A","Govt. Off-taker – SPPC","25 Years","","L&T","25 Years","Masdar 100% (target to reduce to 51% before FC)","Debt 73%, Equity 27% /","","N/A","$661MM","","2026-09-21T19:54:08.016Z","1400.0","1613.0","","","25.0","","25.0","","661.0"
"AYG 1 – Solar PV","Latifa Ali","Under Development","Secured Committed","Bid","Solar PV","CIS","Armenia","40.363646","43.858106","200","248.4","","","Govt. Off-taker – Electric Networks of Armenia CJSC “ENA”","20","0.29","China Power Engineering Consulting Group International Engineering Co. Ltd (CPECC)","20 Years","Masdar 85%, Solar Energy Development CJSC 15%","Debt 75-80%, Equity 20-25%","","","","","2026-09-21T19:54:08.016Z","200.0","248.4","","","20.0","0.29","20.0","",""
"Absheron-Gobustan Wind Farm","Amr Usama","Financing","Secured-Advanced Pipeline","Greenfield","Wind","CIS","Azerbaijan","40.498993","49.443073","200","","","","Government Offtake – Azernerji","30 Years – Take or Pay with Sovereign Guarantee","TBC","Procurement Process is Ongoing","30 Years","Masdar 75% & Socar Green 25%","60-70% Debt, 30-40% Equity","","General Budget of USD 14.1mn for the three Mega projects","","","2026-09-21T19:54:08.016Z","200.0","","","","30.0","","30.0","",""
"Al Kamil Solar I PV Project ​","Yang Liu​","Bidding","Early Stage","Bid​","Solar PV​","MENA","Oman","","","500","590","","","Govt. Off-taker – OPWP","20","Confidential at this stage","Tecnimont Service","20","Masdar, KOMIPO and Al Khadra Partner​","Debt and Equity ​","","4.385 MUSD till FC approved​","250.28","","2026-09-21T19:54:08.016Z","500.0","590.0","","","20.0","","20.0","","250.28"
"Banka PV Plant","Amr Usama","Closing","Secured-Advanced Pipeline","Greenfield","Solar PV","CIS","Azerbaijan","39.414432","49.245585","315","410","NA","NA","Government offtake – Azerenerji","30 years - Take or Pay with Sovereign Guarantee","0.043","NWEPDI – China Energy","30","Masdar 75%, Socar Green 25%","69% Debt, 31% Equity","","General Budget of USD 14.1mn for the three Mega projects","283.5","","2026-09-21T19:54:08.016Z","315.0","410.0","","","30.0","0.043","30.0","","283.5"
"DEWA Phase 7","Arpit Agarwal","Bid","Early Advanced","Bid","PV + BESS","MENA","UAE","","","2000","2700","10500","8400","Govt Offtaker – DEWA","25","TBD","TBD","30","Masdar & DEWA","Debt 70%, Equity 30%","","Pre bid budget","3017","","2026-09-21T19:54:08.016Z","2000.0","2700.0","10500.0","8400.0","25.0","","30.0","","3017.0"
"Guzar Project","Hamad Alqassim","Development","Secured Committed","Bid","PV + BESS","CIS","Uzbekistan","38.607568","66.261166","300","335.4","98.61","75","Govt. Off-taker – NEGU","25","3.10","Dongfang International Corporation","25","Masdar 100%","Up to Debt 80%, Equity 20% / ADB & EBRD","","Bid stage","260","","2026-09-21T19:54:08.016Z","300.0","335.4","98.61","75.0","25.0","3.1","25.0","","260.0"
"Jordan 1GW Wind","Said Obuda","Origination","Early Advanced","Greenfield","Onshore Wind","MENA","Jordan","","","1000","1000","0","0","Govt. Off-taker","N/A","N/A","N/A","N/A","Masdar 100%","Debt 75%, Equity 25%","3","The total amount is $3 million USD.","","","2026-09-21T19:54:08.016Z","1000.0","1000.0","0.0","0.0","","","","3.0",""
"Luntian-NIA","Ooi Gunn Kar","Origination","Early-Stage Pipeline","Greenfield","FPV","APAC","Philippines","","","154","200","0","0","Green Energy Auction Program (GEAP) with Transco (government), or Power Supply Agreement with private Distribution Utilites (DU)","20","TBA","TBA","25","Masdar 100%","Debt 70%, Equity 30%","","At LOI and MOU stage. No budget approval sought.","160","","2026-09-21T19:54:08.016Z","154.0","200.0","0.0","0.0","20.0","","25.0","","160.0"
"Noor Midelt 1","Mohamad Sakaya","Financial Close","N/a","Bid (2017)","PV + BESS","Midelt","Kingdom of Morocco","32.6799423","-4.7329268","540","633","1323","","Govt. Off-taker – ONEE","","0.3781","CEEC","30 Years","EDF (Lead)","Debt 80%, Equity 20%","","Approved in 2024","400","","2026-09-21T19:54:08.016Z","540.0","633.0","1323.0","","","0.3781","30.0","","400.0"
"Project Babylon","Said Obuda","Financial Closure","Secured-Advanced Pipeline","Greenfield","Solar PV","MENA","Iraq","-6.868954","108.06881","1000","1200","0","0","Govt. Off-taker","25","4.075","China Energy Engineering Corporation, Elsewedy Electric for Transmission & Distribution, Kalpataru Projects International Limited (KPIL)","25 Years","Masdar 45%, W Solar 45%, and MH 10%","Debt 75%, Equity 25% / EBRD, IFC and ADFD","8.3944","Total Approved Budget from PPA signing to FC is 18,076,264, with Masdar Shares of 8,394,000","993","","2026-09-21T19:54:08.016Z","1000.0","1200.0","0.0","0.0","25.0","4.075","25.0","8.3944","993.0"
"Project Chereh","Abdulla Karmustaji","Development","Secured Committed","Bid","Floating PV","APAC","Malaysia","","","200","307","","","Govt. Off-taker –Tenaga Nasional Berhad (TNB)","21","4.4","Shortlisted: DEC and ERS","21","Masdar 49%, Citaglobal 30%, Tiza Global 21%","Debt 80%, Equity 20% / SCB, HSBC & SMBC","","Development Budget approved at MIC level","180","","2026-09-21T19:54:08.016Z","200.0","307.0","","","21.0","4.4","21.0","","180.0"
"Project Cirata Expansion","Abhishek Sehgal","Origination","Early-Stage Pipeline","Greenfield","Floating PV","APAC","Indonesia","-6.715979","107.332426","500","715.7","","","Govt. Off-taker – PLN","25","5.72","Non binding offer based on Powerchina Huadong (HDEC) however in parallel discussion with other EPCs","25","Masdar 49%, PLN NP 51%","Debt up to 80%, Equity 20% / assessing offers from commercial banks","","USD $ 400k for development budget Pre-NBO and almost fully utilised LCOE - USD Cents 5.72 /kWh","535","","2026-09-21T19:54:08.016Z","500.0","715.7","","","25.0","5.72","25.0","","535.0"
"Project Cloud","Abhishek Sehgal","Bidding","Early Advanced","Bid","PV + BESS","APAC","Malaysia","","","800","1,320","1,200","","Private Off taker – Google (Pearl Computing Malaysia Sdn bhd)","21","","To be determined","25","Pkg 1 - Masdar 49%, Pavilion 51% and Pkg 2 & 3 - Masdar 49%, MSRG 51%","Debt 80%, Equity 20%","","Pre-bid","900","","2026-09-21T19:54:08.016Z","800.0","1320.0","1200.0","","21.0","","25.0","","900.0"
"Project Jambyl","Dias Kamaliyev","Development","Secured - Advanced Pipeline","Greenfield","Wind + BESS","CIS","Kazakhstan","","","1000","1000","677","600","Govt. Off-taker – Financial Settlement Centre (FSC)","25","","Not yet selected. Tender is ongoing","25","Masdar - 40%, W Solar – 40%, QGP – 18% and KIDF – 2%","Debt 53.3%, Equity 46.7% (including EGRs)","","Approved development budget up to FC - $12.50 (Masdar's 50% share - $6.25)","1239","","2026-09-21T19:54:08.016Z","1000.0","1000.0","677.0","600.0","25.0","","25.0","","1239.0"
"Project Jatigede","Marsha Prabandani","Development","Secured-Advanced Pipeline","Bid","Floating PV","APAC","Indonesia","-6.868954","108.06881","100","133.75","","","Govt. Off-taker – PLN","25","7.228 for Y1-Y10, 5.163 for Y11-Y25","Powerchina Huadong (HDEC) (TS signed and Bid Bond received & now expired) / In parallel discussion with L&T ongoing","25","Masdar 44%, PLN IP 51%, PJT II 5%","Debt 80%, Equity 20% / ADB, AIIB, SocGen & Mizhou","","","~ 110","","2026-09-21T19:54:08.016Z","100.0","133.75","","","25.0","7.228","25.0","","110.0"
"Project Murum","Siddharth Nath – Shaikha Al Qubaisi","Development","Early-Stage Pipeline","Greenfield","Floating PV","APAC","Malaysia","2.659618","114.374352","400","635","N/A","N/A","Govt. Off-taker – SESCO","30","0.05","Ongoing discussion with 3 EPC Consortiums","30","Masdar 40%, Gentari 40%, SEB Power 20%","Debt 85%, Equity 15% /Expected to be funded by way of a local sukuk as base case/SMP with relationship banks as back up.","","For joint feasibility studies and to achieve FID ($1.3m + $1.37m = $ 2.67m) Tarrif 0.05 (20.55 sens/kwh)","514","","2026-09-21T19:54:08.016Z","400.0","635.0","","","30.0","0.05","30.0","","514.0"
"Project New Samgori","Mohammad Shahrour","Development","Secured-Advanced Pipeline","Greenfield","Solar PV","CIS","Georgia","41.576474","45.050708","96","131.5","","","Govt. Off-taker – Electricity System Commercial Operator (ESCO)","","","China Power Engineering Consulting Group International Engineering Co. Ltd (CPECC)","","Masdar 90%, Georgian Energy Development Fund (GEDF) 10%","Debt 75-80%, Equity 20-25%; lenders not yet mandated","","Comprises total development budget up to FC (Masdar’s 90% share is USD 4.23m)","98.3","","2026-09-21T19:54:08.016Z","96.0","131.5","","","","","","","98.3"
"Project Pearl","Jin Wook Yoo","Development","Early Stage Pipeline","Greenfield","Solar PV + BESS + Onshore wind","MENA","Oman","","","2800","4124","10800","","TBC","30","TBC","TBC","30","Masdar 49%, OQ Alternative Energy 51%","Non-recourse project finance, Debt 80%, Equity 20%","","Covering the development activities up to indicative tariff preparation","","","2026-09-21T19:54:08.016Z","2800.0","4124.0","10800.0","","30.0","","30.0","",""
"Project Turquoise","Omar Abdelhalim","Development","Early-Stage Pipeline","Greenfield","Solar PV","ME","Türkiye","","","1100","1320","","","Govt. Off-taker – EUAS","30","","TBD","30","Masdar 100%","Debt 80%, Equity 20%","","N/A","","","2026-09-21T19:54:08.016Z","1100.0","1320.0","","","30.0","","30.0","",""
"RTC 500MW","Latifa Ali","Origination","Early-Stage","Greenfield","Solar PV + Wind + BESS","CIS","Kazakhstan","","","500","","6000","","Govt. Off-taker – Govt. Off-taker – Financial Settlement Centre (FSC)","25","","Not yet selected","25","Not yet finalized","Debt 75-80%, Equity 20-25%","","","","","2026-09-21T19:54:08.016Z","500.0","","6000.0","","25.0","","25.0","",""
"RTC South","Sreenivasulu N, Arpit A","Financial Closure","Secured- Committed","Greenfield","Solar PV + BESS","MENA","UAE","","","2612","3047","11275.63","","Govt. Off-taker – EWEC","30","5.50","L&T","30","Masdar 100%","Debt 84%, Equity 16%","","","3626","","2026-09-21T19:54:08.016Z","2612.0","3047.0","11275.63","","30.0","5.5","30.0","","3626.0"
"SPPC 7 Solar","Yang Liu","Bidding","Early Advanced Pipeline","Bid","Project Technologies","MENA","KSA","","","3100","133.75 (Only Number No Unit)","","","Govt. Off-taker – SPPC","25","","EPC Contractor Full Name only ( No Notes, any additional remarks to be provided in EPC Stream update)","35 years","Masdar min 40%","Debt 65%, Equity 35%","","","~ 2 Billion USD","","2026-09-21T19:54:08.016Z","3100.0","133.75","","","25.0","","35.0","","2.0"
"SPPC 7 Wind","Mohamad Sakaya","Bid Stage","N/a","Bid","Wind","Madina","KSA","-6.868954","108.06881","2 projects (1300 MW and 900 MW)","","","","Govt. Off-taker – SPPC","","","TBD","25 Years","TBD","Debt 65%, Equity 35%","","Pre-bid for two projects","TBD","","2026-09-21T19:54:08.016Z","2.0","","","","","","25.0","",""
"Zarraf solar PV5","Mohamed Kerady","Development","Secured-Advanced pipeline","Greenfield","Solar PV","MENA","United Arab Emirates","","","1,500","2,040","N/A","N/A","Govt. Off-taker – EWEC","35","0.013802","China Energy international Group Co.,Ltd.","35","Masdar 60%, EDF 20%, KOWEPO 20%","Hard-mini perm, Min. Gearing 75%","","Pre-bid $1.1m till FC","1.042 bn","","2026-09-21T19:54:08.016Z","1500.0","2040.0","","","35.0","0.013802","35.0","","1.042"
